patient_id,assigned_sex,given_name,surname,address,city,state,zip_code,country,birthdate,weight,height,bmi,email,phone_number
1,female,zoe,wellish,576 Brown Bear Drive,Rancho California,CA,92390,United States,1976-07-10,121.7,66,19.6,ZoeWellish@superrito.com,+1 (951) 719-9170
2,female,pamela,hill,2370 University Hill Road,Armstrong,IL,61812,United States,1967-04-03,118.8,66,19.2,PamelaSHill@cuvox.de,+1 (217) 569-3204
3,male,jae,debord,1493 Poling Farm Road,York,NE,68467,United States,1980-02-19,177.8,71,24.8,JaeMDebord@gustr.com,+1 (402) 363-6804
4,male,liêm,phan,2335 Webster Street,Woodbridge,NJ,07095,United States,1951-07-26,220.9,70,31.7,PhanBaLiem@jourrapide.com,+1 (732) 636-8246
5,male,tim,neudorf,1428 Turkey Pen Lane,Dothan,AL,36303,United States,1928-02-18,192.3,72,26.1,TimNeudorf@cuvox.de,+1 (334) 515-7487
6,male,rafael,costa,1140 Willis Avenue,Daytona Beach,FL,32114,United States,1931-08-31,183.9,70,26.4,RafaelCardosoCosta@gustr.com,+1 (386) 334-5237
7,female,mary,adams,3145 Sheila Lane,Burbank,NV,84728,United States,1969-11-19,146.3,65,24.3,MaryBAdams@einrot.com,+1 (775) 533-5933
8,female,xiuxiu,chang,2687 Black Oak Hollow Road,Morgan Hill,CA,95037,United States,1958-08-13,158.0,60,30.9,XiuxiuChang@einrot.com,+1 (408) 778-3236
9,male,david,gustafsson,1790 Nutter Street,Kansas City,MO,64105,United States,1937-03-06,163.9,66,26.5,DavidGustafsson@armyspy.com,+1 (816) 265-9578
10,female,sophie,cabrera,3303 Anmoore Road,New York,NY,10011,United States,1930-12-03,194.7,64,33.4,SophieCabreraIbarra@teleworm.us,+1 (718) 795-9124
11,female,sandy,gunnarsson,87 Wood Duck Drive,Rudyard,MI,49780,United States,1974-07-16,199.3,62,36.4,SandyGunnarsson@dayrep.com,+1 (906) 478-8949
12,male,abdul-nur,isa,1092 Farm Meadow Drive,Brentwood,TN,37027,United States,1954-02-03,238.7,73,31.5,Abdul-NurMummarIsa@rhyta.com,+1 (931) 207-0839
13,male,omeokachie,ibeamaka,2544 Worley Avenue,Lynchburg,VA,24504,United States,1957-08-05,224.2,69,33.1,OmeokachieIbeamaka@einrot.com,+1 (434) 509-2614
14,female,anenechi,chidi,826 Broad Street,Birmingham,AL,35203,United States,1961-03-07,228.4,67,35.8,AnenechiChidi@armyspy.com,+1 (205) 417-8095
15,female,asia,woźniak,4970 Heather Sees Way,Tulsa,OK,74105,United States,1997-08-15,112.0,65,18.6,AsiaWozniak@rhyta.com,+1 (918) 712-3469
16,male,søren,lund,2438 Shady Pines Drive,Kingsport,VA,37660,United States,1922-08-23,201.5,64,34.6,SrenFLund@gustr.com,+1 (276) 225-1955
17,female,tám,liễu,2152 Heritage Road,Fresno,CA,93706,United States,1952-11-14,183.9,61,34.7,LieuThiThuTam@dayrep.com,+1 (559) 765-7836
18,female,roxanne,andreyeva,2103 Edington Drive,Smyrna,GA,30082,United States,1922-07-24,129.1,60,25.2,RoxanneAndreyeva@armyspy.com,+1 (678) 829-8578
19,male,william,oates,441 Tibbs Avenue,Ekalaka,MT,59324,United States,1949-09-04,202.2,64,34.7,WilliamVOates@armyspy.com,+1 (406) 775-2696
20,male,zak,kelly,994 Hill Croft Farm Road,Oroville,CA,95966,United States,1988-12-13,208.8,70,30.0,ZakKelly@rhyta.com,+1 (530) 532-8397
21,female,sofia,karlsen,2931 Romano Street,Whitman,MA,02382,United States,1934-09-24,153.1,66,24.7,SofiaTKarlsen@teleworm.us,+1 (781) 447-1763
22,male,samúel,guðbrandsson,1904 Granville Lane,Elmsford,NJ,10523,United States,1983-04-12,223.7,69,33.0,SamuelGubrandsson@teleworm.us,+1 (973) 445-5341
23,male,manchu,su,1092 Deans Lane,Pleasantville,NY,10570,United States,1936-01-19,130.7,65,21.7,ManchuSu@einrot.com,+1 (914) 745-6108
24,male,lovre,galić,4941 Marion Drive,Winter Haven,FL,33830,United States,1960-05-26,222.9,66,36.0,LovreGalic@gustr.com,+1 (813) 355-9476
25,male,jakob,jakobsen,648 Old Dear Lane,Port Jervis,NY,12771,United States,1985-08-01,155.8,67,24.4,JakobCJakobsen@einrot.com,+1 (845) 858-7707
26,male,gregor,bole,922 Chapmans Lane,Albuquerque,NM,87109,United States,1922-06-19,180.8,67,28.3,GregorBole@gustr.com,+1 (505) 828-4955
27,female,ella,lund,1207 Garfield Road,Peoria,IL,61602,United States,1933-12-19,144.8,61,27.4,EllaLund@armyspy.com,+1 (309) 671-8852
28,male,joseph,tucker,4982 Wood Street,Venice,LA,70091,United States,1959-04-10,175.8,72,23.8,JosephNTucker@rhyta.com,+1 (985) 814-7603
29,male,robert,wolf,2386 Linda Street,Fort Washington,PA,19034,United States,1937-06-26,206.6,70,29.6,RobertWolf@fleckens.hu,+1 (267) 895-7462
31,female,janina,bazarova,3259 Roy Alley,Englewood,CO,80112,United States,1964-06-29,156.9,65,26.1,JaninaBazarova@superrito.com,+1 (303) 910-2058
32,male,tomáš,navrátil,4870 Corbin Branch Road,Bluff City,TN,37618,United States,1935-04-08,133.3,70,19.1,TomasNavratil@dayrep.com,+1 (423) 538-4887
33,female,một,phạm,2690 Pin Oak Drive,Long Beach,CA,90815,United States,1997-01-30,147.6,69,21.8,PhamThiBichMot@dayrep.com,+1 (562) 985-4582
34,male,habte,kifle,2055 Emeral Dreams Drive,Dekalb,IL,60115,United States,1946-01-20,153.8,72,20.9,HabteKifle@fleckens.hu,+1 (815) 270-7770
35,female,mariana,souza,577 Chipmunk Lane,Orrington,ME,04474,United States,1948-03-06,152.9,63,27.1,MarianaGomesSouza@superrito.com,+1 (207) 825-8634
36,female,kamila,pecinová,3558 Longview Avenue,New York,NY,10004,United States,1985-12-23,198.9,62,36.4,KamilaPecinova@dayrep.com,+1 (718) 501-0503
37,female,naja,enoksen,2915 Lynn Avenue,Eau Claire,WI,54701,United States,1931-11-26,156.4,66,25.2,NajaEnoksen@fleckens.hu,+1 (715) 562-7013
38,female,albinca,komavec,1257 Elsie Drive,Huron,SD,57350,United States,1986-06-05,189.9,66,30.6,AlbincaKomavec@rhyta.com,+1 (605) 204-6572
39,female,genet,fesahaye,4649 Joanne Lane,Westborough,MA,01581,United States,1954-01-11,111.8,67,17.5,GenetFesahaye@armyspy.com,+1 (978) 460-9060
40,female,ganimete,ščančar,4105 Ferguson Street,Walpole,MA,02081,United States,1947-10-25,191.6,67,30.0,GanimeteScancar@cuvox.de,+1 (508) 454-2027
41,male,tješimir,lukić,3636 Junior Avenue,Atlanta,GA,30303,United States,1941-10-24,147.8,70,21.2,TjesimirLukic@jourrapide.com,+1 (404) 547-4508
42,male,fakhri,fakhoury,155 Red Hawk Road,Danube,MN,56230,United States,1979-11-04,143.0,66,23.1,FakhriHaniFakhoury@cuvox.de,+1 (320) 826-3340
43,female,mizuki,iwata,3434 Holt Street,West Palm Beach,FL,33409,United States,1927-06-30,199.1,61,37.6,MizukiIwata@gustr.com,+1 (561) 357-0702
44,female,zizi,schmitt,669 Archwood Avenue,Mountain View,WY,82939,United States,1968-02-09,198.9,67,31.1,SchmittZizi@fleckens.hu,+1 (307) 712-0508
45,female,blanka,jurković,3165 Upton Avenue,Waterville,ME,04901,United States,1923-01-26,129.8,66,20.9,BlankaJurkovic@superrito.com,+1 (207) 861-4587
46,female,liisa,seppälä,1012 Lords Way,Adamsville,TN,38310,United States,1930-02-15,157.7,63,27.9,LiisaSeppala@einrot.com,+1 (731) 632-2908
47,male,javier,moquin,1808 Stuart Street,Pittsburgh,PA,15201,United States,1941-08-07,163.9,72,22.2,JavierMoquin@rhyta.com,+1 (724) 419-3583
48,female,ana,correia,1495 Post Farm Road,Atlanta,GA,30337,United States,1962-11-04,186.6,65,31.0,AnaSousaCorreia@rhyta.com,+1 (404) 289-1766
49,female,annika,vaara,4853 University Drive,Lombard,IL,60148,United States,1996-02-20,109.1,67,17.1,AnnikaVaara@rhyta.com,+1 (312) 719-7238
50,female,vivien,zsinkó,4141 Davis Place,Maumee,OH,43537,United States,1974-03-06,113.3,64,19.4,ZsinkoVivien@teleworm.us,+1 (419) 262-6953
51,male,stephen,gibson,283 Simons Hollow Road,Wilkes Barre,PA,18701,United States,1991-04-25,238.9,70,34.3,StephenGibson@cuvox.de,+1 (570) 819-1140
52,female,noe,aranda,3977 Jail Drive,Davenport,IL,52801,United States,1938-08-07,107.1,63,19.0,NoeArandaGranado@dayrep.com,+1 (309) 912-9553
53,female,brianna,lansell,1389 Nutters Barn Lane,Urbandale,IA,50322,United States,1950-12-04,202.0,62,36.9,BriannaLansell@fleckens.hu,+1 (515) 727-9324
54,male,kwemtochukwu,ogochukwu,2172 Lynn Street,Franklin,MA,02038,United States,1976-06-30,150.5,72,20.4,KwemtochukwuOgochukwu@einrot.com,+1 (617) 317-5055
55,female,louise,johnson,4984 Hampton Meadows,Burlington,MA,01803,United States,1931-03-01,141.0,62,25.8,LouiseJohnson@rhyta.com,+1 (978) 407-1874
56,male,anco,pak,943 Hickory Ridge Drive,Las Vegas,NV,89119,United States,1943-02-12,217.6,72,29.5,AncoPak@cuvox.de,+1 (702) 730-5584
57,female,alissa,montez,1435 Limer Street,Eatonton,GA,31024,United States,1951-01-08,133.8,61,25.3,AlissaMontezFranco@gustr.com,+1 (706) 497-0891
58,female,siebrigje,koldenhof,34 Hamill Avenue,La Mesa,CA,91941,United States,1935-05-24,134.0,60,26.2,SiebrigjeKoldenhof@rhyta.com,+1 (858) 413-3163
59,female,yasmin,araujo,3682 Stiles Street,Pittsburgh,PA,15205,United States,1981-03-21,196.0,67,30.7,YasminCardosoAraujo@superrito.com,+1 (412) 640-7035
60,male,avdei,tikhonov,1368 Yorkshire Circle,Wilson,NC,27893,United States,1928-12-10,150.0,72,20.3,AvdeiTikhonov@gustr.com,+1 (252) 291-3898
61,female,barbora,vesecká,4018 Poplar Avenue,San Diego,CA,92101,United States,1939-02-19,159.1,67,24.9,BarboraVesecka@gustr.com,+1 (619) 570-3898
62,male,alan,milne,707 Gateway Avenue,Bakersfield,CA,93301,United States,1962-04-29,244.9,69,36.2,AlanMilne@dayrep.com,+1 (661) 779-6795
63,female,firenze,fodor,1786 Gerald L. Bates Drive,Belmont,MA,02178,United States,1943-04-01,131.1,60,25.6,FodorFirenze@dayrep.com,+1 (617) 883-5967
64,male,yukitaka,takenaka,1975 Holden Street,San Diego,CA,92103,United States,1944-11-24,193.2,72,26.2,YukitakaTakenaka@einrot.com,+1 (619) 299-1495
65,male,jaakko,eskelinen,4324 Oak Street,Syracuse,NY,13221,United States,1971-02-26,163.7,68,24.9,JaakkoEskelinen@superrito.com,+1 (315) 362-5858
66,male,nicolas,ferreira,2310 Overlook Drive,Rossville,IN,46065,United States,1976-10-27,211.9,69,31.3,NicolasSouzaFerreira@superrito.com,+1 (765) 379-3885
67,male,konstantyn,kowalczyk,4707 Parkway Street,San Diego,CA,92103,United States,1938-03-02,194.3,67,30.4,KonstantynKowalczyk@armyspy.com,+1 (760) 287-8295
68,male,nebechi,ekechukwu,2418 Smith Street,Marlboro,MA,01752,United States,1945-01-11,154.9,64,26.6,NebechiEkechukwu@teleworm.us,+1 (508) 804-4850
69,female,haruna,azuma,1507 Woodlawn Drive,Milwaukee,WI,53204,United States,1978-02-22,149.8,63,26.5,HarunaAzuma@gustr.com,+1 (414) 646-4353
70,male,joseph,day,1821 Virginia Street,Lombard,IL,60148,United States,1986-02-23,150.6,68,22.9,JosephMDay@teleworm.us,+1 (773) 615-9328
71,male,alexander,mathiesen,3130 Jessie Street,Athens,OH,45701,United States,1955-12-02,195.6,68,29.7,AlexanderEMathiesen@superrito.com,+1 (740) 629-5172
72,male,leuco,miranda,90 Meadow View Drive,Hartford,CT,06103,United States,1976-02-02,184.8,72,25.1,LeucoMirandaNieto@teleworm.us,+1 (860) 515-0122
73,male,søren,frederiksen,4852 Rose Avenue,Metairie,LA,70001,United States,1931-02-12,214.5,65,35.7,SrenFrederiksen@armyspy.com,+1 (504) 289-1386
74,female,žarka,rap,2661 Russell Street,Foxboro,MA,02035,United States,1995-12-28,139.3,68,21.2,ZarkaRap@superrito.com,+1 (978) 969-6753
75,female,hanka,gegič,192 Patton Lane,Tulsa,OK,74106,United States,1926-01-20,103.2,61,19.5,HankaGegic@fleckens.hu,+1 (918) 975-7594
76,male,leo,mancini,1813 Lindale Avenue,Fremont,CA,94538,United States,1964-09-26,195.1,68,29.7,LeoMancini@rhyta.com,+1 (510) 498-6624
77,female,maryam,dratchev,3314 Rocket Drive,Minneapolis,MN,55410,United States,1983-01-15,190.1,63,33.7,MaryamDratchev@superrito.com,+1 (612) 925-3123
78,female,rut,halldórsdóttir,1054 Zappia Drive,Lexington,KY,40507,United States,1959-05-09,162.6,66,26.2,RutHalldorsdottir@einrot.com,+1 (859) 297-3368
79,female,fauna,bilodeau,4104 Kennedy Court,Mansfield,MA,02048,United States,1979-07-02,193.4,69,28.6,FaunaBilodeau@teleworm.us,+1 (774) 263-5317
80,male,eniz,konovšek,783 Callison Lane,Philadelphia,DE,19108,United States,1967-06-23,183.9,72,24.9,EnizKonovsek@superrito.com,+1 (302) 397-6035
81,male,eufemio,rosario,2531 Cantebury Drive,Westbury,NY,11590,United States,1923-02-28,183.7,71,25.6,EufemioRosarioAlarcon@gustr.com,+1 (646) 621-0640
82,male,andré,nordin,836 Dovetail Estates,Gate,OK,73844,United States,1940-11-12,209.4,69,30.9,AndreNordin@cuvox.de,+1 (580) 934-1141
83,female,châu,thạch,4814 Layman Court,Atlanta,GA,30346,United States,1999-03-03,171.4,60,33.5,ThachThiKieuChau@superrito.com,+1 (678) 350-2390
84,male,chen,yao,2566 Ingram Street,Dayton,OH,45407,United States,1975-11-08,214.7,76,26.1,ChenYao@teleworm.us,+1 (937) 523-1224
85,female,nương,vũ,465 Southern Street,New York,NY,10001,United States,1981-02-01,138.2,63,24.5,VuCamNuong@fleckens.hu,+1 (516) 720-5094
86,male,burrell,mathieu,3816 Grand Avenue,Kissimmee,FL,34746,United States,1936-05-16,203.5,71,28.4,BurrellMathieu@teleworm.us,+1 (407) 662-9389
87,male,philemon,abdulov,1341 Chatham Way,Temple Hills,MD,20031,United States,1943-07-07,171.4,70,24.6,PhilemonAbdulov@rhyta.com,+1 (240) 695-5212
88,male,magomed,kadyrov,2063 Newton Street,Ogilvie,MN,56358,United States,1980-11-15,176.9,67,27.7,MagomedKadyrov@jourrapide.com,+1 (320) 272-4299
89,male,marius,hansen,3251 Radio Park Drive,Augusta,GA,30902,United States,1948-06-27,227.7,76,27.7,MariusHansen@teleworm.us,+1 (706) 755-5723
90,male,kwasi,mensa,479 Elmwood Avenue,Tempe,AZ,85281,United States,1942-10-05,145.4,69,21.5,KwasiMensa@cuvox.de,+1 (480) 967-6336
91,male,ingo,rokavc,4271 Cherry Ridge Drive,Buffalo,NY,14214,United States,1977-08-27,192.3,67,30.1,IngoRokavc@superrito.com,+1 (585) 902-9127
92,female,caroline,shuler,1403 Clousson Road,Houston,TX,77002,United States,1949-03-08,218.7,66,35.3,CarolineTShuler@jourrapide.com,+1 (713) 230-1739
93,male,michael,smith,666 Whiteman Street,Mount Holly,NJ,08060,United States,1977-09-17,160.6,67,25.2,MichaelSmith@armyspy.com,+1 (609) 914-8473
94,male,elliot,richardson,4230 Ridenour Street,Sunrise,FL,33323,United States,1973-01-14,168.1,71,23.4,ElliotRichardson@teleworm.us,+1 (786) 234-0038
95,female,gina,cain,3418 Tyler Avenue,Miami,FL,33106,United States,1935-07-14,144.1,60,28.1,GinaACain@armyspy.com,+1 (305) 361-8416
96,male,sargent,ruais,1009 Felosa Drive,Blackwell,TX,79506,United States,1942-01-01,205.3,72,27.8,SargentRuais@jourrapide.com,+1 (325) 282-4087
97,female,nasim,salib,3161 Fantages Way,Presque Isle,ME,04769,United States,1971-07-30,211.4,65,35.2,NasimSumaiyaSalib@einrot.com,+1 (207) 768-0477
98,male,patrick,gersten,2778 North Avenue,Burr,NE,68324,United States,1954-05-03,138.2,71,19.3,PatrickGersten@rhyta.com,+1 (402) 848-4923
99,male,jan,baum,1733 Blackwell Street,Fairbanks,AK,99701,United States,1967-11-06,194.3,74,24.9,JanBaum@superrito.com,+1 (907) 328-4125
100,male,bernd,schneider,1262 Deans Lane,Westbury,NY,11590,United States,1993-03-24,212.5,71,29.6,BerndSchneider@jourrapide.com,+1 (914) 830-3940
101,male,isac,berg,1497 Hidden Meadow Drive,Binford,ND,58416,United States,1995-08-01,137.9,66,22.3,IsacBerg@cuvox.de,+1 (701) 676-6301
102,male,oles,zhdanov,1731 Chandler Drive,Fordland,MO,65652,United States,1945-10-25,226.2,72,30.7,OlesZhdanov@fleckens.hu,+1 (417) 738-5084
103,female,najla,touma,2146 Willow Greene Drive,Montgomery,AL,36104,United States,1948-08-20,165.0,61,31.2,NajlaQismahTouma@cuvox.de,+1 (334) 261-1235
104,male,tico,koffeman,1030 McDonald Avenue,Maitland,FL,32751,United States,1926-04-20,167.6,69,24.7,TicoKoffeman@armyspy.com,+1 (407) 838-0201
105,female,yasmin,silva,108 Griffin Street,Phoenix,AZ,85012,United States,1927-07-24,200.6,62,36.7,YasminAlmeidaSilva@einrot.com,+1 (602) 265-7408
106,male,nate,bowden,4310 Johnson Street,Clinton,NC,28328,United States,1954-03-26,222.0,71,31.0,NateBowden@einrot.com,+1 (919) 915-8670
107,male,inunnguaq,heilmann,4110 Capitol Avenue,New Castle,IN,47362,United States,1976-05-06,219.9,67,34.4,InunnguaqHeilmann@rhyta.com,+1 (765) 599-8847
108,male,rocco,christie,1373 Wilmar Farm Road,Mount Airy,MD,21771,United States,1987-01-16,167.0,70,24.0,RoccoChristie@rhyta.com,+1 (240) 322-1398
109,female,marina,glockner,475 Preston Street,Bushton,KS,67427,United States,1934-06-18,191.4,63,33.9,MarinaGlockner@dayrep.com,+1 (620) 940-1131
110,male,stephen,mayberry,3063 School House Road,Hattiesburg,MS,39402,United States,1934-09-01,166.1,72,22.5,StephenFMayberry@jourrapide.com,+1 (601) 699-4153
111,male,miroslav,štěpánek,2625 Romines Mill Road,Dallas,TX,75247,United States,1935-09-23,146.1,68,22.2,MiroslavStepanek@teleworm.us,+1 (214) 637-0855
112,female,nicole,zimmerman,909 Williams Avenue,Newhall,CA,91321,United States,1984-01-14,225.9,74,29.0,NicoleZimmerman@rhyta.com,+1 (661) 291-1812
113,female,arnþrúður,skarphéðinsdóttir,2578 Tenmile,Newport News,VA,23602,United States,1922-06-04,172.0,63,30.5,ArnruurSkarpheinsdottir@rhyta.com,+1 (757) 885-5669
114,female,svanhvít,guðjónsdóttir,2641 Michael Street,Houston,TX,77074,United States,1931-07-23,204.2,63,36.2,SvanhvitGujonsdottir@cuvox.de,+1 (713) 779-6516
115,male,yunadi,barsukov,2784 Turkey Pen Road,Manhattan,NY,10016,United States,1993-05-28,176.2,68,26.8,YunadiBarsukov@teleworm.us,+1 (917) 256-5329
116,female,caroline,bois,1350 Meadow Lane,Lakeport,CA,95453,United States,1985-12-26,151.4,64,26.0,CarolineBois@rhyta.com,+1 (707) 262-6503
117,male,philipp,ziegler,3686 Meadowcrest Lane,Allen,KY,41601,United States,1941-03-03,143.7,69,21.2,PhilippZiegler@superrito.com,+1 (606) 417-4332
118,male,sửu,tạ,3464 Big Indian,New Orleans,LA,70112,United States,1928-05-24,182.2,67,28.5,TaQuiSuu@teleworm.us,+1 (504) 528-8317
119,male,adib,ghanem,3457 Bridge Avenue,Delcambre,LA,70528,United States,1967-12-31,254.5,72,34.5,AdibMutazzGhanem@fleckens.hu,+1 (337) 685-4885
120,female,chaja,bouw,2808 Circle Drive,Houston,TX,77063,United States,1979-09-16,211.9,70,30.4,ChajaBouw@dayrep.com,+1 (832) 457-6625
121,female,nicoline,østergaard,2836 Boring Lane,San Francisco,CA,94108,United States,1926-12-14,124.5,63,22.1,NicolinePstergaard@superrito.com,+1 (415) 676-8818
122,male,frydryk,adamski,1845 Saint Marys Avenue,Syracuse,NY,13221,United States,1941-10-12,230.8,76,28.1,FrydrykAdamski@armyspy.com,+1 (315) 869-4408
123,male,bội,tạ,2389 Rubaiyat Road,Grand Rapids,MI,49503,United States,1929-05-30,211.0,69,31.2,TaHaBoi@superrito.com,+1 (231) 607-3625
124,male,tas,fejes,4386 Badger Pond Lane,Tampa,FL,33634,United States,1982-12-02,193.2,66,31.2,FejesTas@jourrapide.com,+1 (727) 331-8429
125,male,ming,hsu,2945 Ferguson Street,Quincy,MA,02169,United States,1960-11-04,215.6,69,31.8,MingHsu@armyspy.com,+1 (508) 526-3432
126,female,seweryna,czerwinska,36 Heather Sees Way,Tulsa,OK,74119,United States,1982-06-30,203.5,63,36.0,SewerynaCzerwinska@jourrapide.com,+1 (918) 714-7543
127,male,mads,nielsen,1493 Randolph Street,Boston,MA,02210,United States,1942-05-19,137.1,68,20.8,MadsANielsen@jourrapide.com,+1 (508) 739-5632
128,female,lena,baer,272 Boone Crockett Lane,Elma,WA,98541,United States,1977-11-10,170.7,61,32.2,LenaBaer@rhyta.com,+1 (360) 482-2553
129,male,muhammad,hughes,1965 Crestview Manor,Indianapolis,IN,46214,United States,1938-09-21,202.2,72,27.4,MuhammadHughes@rhyta.com,+1 (317) 292-2394
130,female,rebecca,jephcott,989 Wayback Lane,New York,NY,10004,United States,1966-08-01,203.3,65,33.8,RebeccaJephcott@armyspy.com,+1 (631) 370-7406
131,male,albert,wolfe,3710 Jerry Dove Drive,North Charleston,SC,29420,United States,1939-06-16,217.8,65,36.2,AlbertRWolfe@jourrapide.com,+1 (843) 494-0313
132,female,sandra,taylor,2476 Fulton Street,Rainelle,WV,25962,United States,1960-10-23,206.1,64,35.4,SandraCTaylor@dayrep.com,+1 (304) 438-2648
133,female,tekla,walczak,2421 Coal Road,Lake Ariel,PA,18436,United States,1936-07-22,159.9,59,32.3,TeklaWalczak@einrot.com,+1 (570) 698-4203
134,female,elisabeth,dimmen,3180 Still Pastures Drive,Columbia,SC,29210,United States,1985-04-21,199.5,65,33.2,ElisabethDimmen@cuvox.de,+1 (803) 465-3312
135,male,jesse,luoma,3714 Ben Street,Albany,NY,12207,United States,1922-06-01,154.9,66,25.0,JesseLuoma@fleckens.hu,+1 (518) 212-7081
136,male,willem-jan,van der lubbe,1717 Vineyard Drive,Cleveland,OH,44115,United States,1941-07-09,152.9,69,22.6,Willem-JanvanderLubbe@gustr.com,+1 (440) 385-5011
137,female,victoria,mikkelsen,2121 Liberty Avenue,Los Angeles,CA,90017,United States,1925-05-07,179.3,63,31.8,VictoriaTMikkelsen@armyspy.com,+1 (714) 507-4204
138,female,emma,barlow,1703 Everette Alley,Pompano Beach,FL,33062,United States,1953-01-25,175.6,60,34.3,EmmaBarlow@superrito.com,+1 (954) 784-6658
139,male,jose,combs,718 Eden Drive,Richmond,VA,23220,United States,1975-12-27,171.2,74,22.0,JoseRCombs@rhyta.com,+1 (804) 908-1436
140,female,novalie,berg,1275 Goldie Lane,Cincinnati,OH,45202,United States,1973-04-22,156.9,61,29.6,NovalieBerg@gustr.com,+1 (513) 383-0516
141,male,john,teichelmann,631 Isaacs Creek Road,Decatur,IL,62522,United States,1958-12-03,214.1,72,29.0,JohnTeichelmann@dayrep.com,+1 (217) 421-0935
142,female,evelyn,uspenskaya,944 Thrash Trail,Dallas,TX,75207,United States,1934-10-25,110.2,61,20.8,EvelynUspenskaya@rhyta.com,+1 (903) 644-2098
143,male,finley,chandler,2754 Westwood Avenue,New York,NY,10001,United States,1936-10-25,150.9,70,21.6,FinleyChandler@dayrep.com,+1 (516) 740-5280
144,female,amanda,ribeiro,4155 Raccoon Run,Seattle,WA,98109,United States,1970-09-27,131.1,60,25.6,AmandaCavalcantiRibeiro@fleckens.hu,+1 (206) 902-0473
145,male,mile,stanić,4640 Windy Ridge Road,Fort Wayne,IN,46804,United States,1961-10-31,244.9,71,34.2,MileStanic@dayrep.com,+1 (260) 591-5755
146,male,sauli,koivuniemi,1990 Spring Avenue,Eagleville,PA,19403,United States,1974-07-24,170.9,66,27.6,SauliKoivuniemi@einrot.com,+1 (267) 679-4137
147,male,haylom,nebay,1736 Parrill Court,East Chicago,IN,46312,United States,1963-09-01,185.9,70,26.7,HaylomNebay@gustr.com,+1 (219) 391-7729
148,male,kristian,vukelić,4411 Libby Street,West Los Angeles,CA,90025,United States,1958-11-30,191.4,66,30.9,KristianVukelic@teleworm.us,+1 (310) 268-6864
149,female,riëtte,scheltens,4473 Church Street,Brooklyn,NY,11227,United States,1940-09-30,198.4,67,31.1,RietteScheltens@dayrep.com,+1 (718) 418-0766
150,male,wawrzyniec,nowakowski,1525 Crestview Terrace,Mountain Home,TX,78058,United States,1937-09-18,170.5,71,23.8,WawrzyniecNowakowski@teleworm.us,+1 (830) 640-5848
151,male,felicijan,bubanj,4556 Oakdale Avenue,Dundee,FL,33838,United States,1957-05-22,226.6,71,31.6,FelicijanBubanj@einrot.com,+1 (863) 438-6922
152,female,satsita,batukayev,2813 Frederick Street,Citrus Heights,CA,95610,United States,1953-02-17,219.6,66,35.4,SatsitaBatukayev@teleworm.us,+1 (916) 224-7868
153,male,christopher,woodward,3450 Southern Street,New York,NY,10004,United States,1984-09-04,212.2,66,34.2,ChristopherWoodward@jourrapide.com,+1 (516) 630-5900
154,male,john,carreiro,1463 Martha Ellen Drive,Reno,NV,89509,United States,1976-04-08,177.8,68,27.0,JohnACarreiro@superrito.com,+1 (775) 770-7827
155,female,maya,isaksson,1333 Comfort Court,Madison,WI,53711,United States,1959-07-14,137.7,67,21.6,MayaIsaksson@jourrapide.com,+1 (608) 277-0146
156,female,nina,geisler,350 Ross Street,East Saint Louis,IL,62201,United States,1924-09-05,193.2,66,31.2,NinaGeisler@einrot.com,+1 (618) 261-9896
157,male,thống,lê,174 Lost Creek Road,Roseville,MN,55113,United States,1929-02-09,172.9,68,26.3,LeVietThong@gustr.com,+1 (612) 208-2965
158,female,ellen,luman,4643 Reeves Street,Chilton,WI,53014,United States,1951-02-26,184.6,60,36.0,EllenRLuman@einrot.com,+1 (920) 849-0384
159,male,chibuzo,okoli,4291 Patton Lane,Tulsa,OK,74136,United States,1983-06-14,142.8,73,18.8,ChibuzoOkoli@einrot.com,+1 (918) 971-5864
160,female,coralie,allaire,1066 Goosetown Drive,Sylva,NC,28779,United States,1925-03-04,149.4,66,24.1,CoralieAllaire@armyspy.com,+1 (828) 586-5050
161,male,flaviano,endrizzi,3209 Crowfield Road,Phoenix,AZ,85023,United States,1928-10-11,195.1,75,24.4,FlavianoEndrizzi@cuvox.de,+1 (602) 993-7880
162,male,mitsunobu,fujiwara,212 Tibbs Avenue,Chester,MT,59522,United States,1969-05-21,223.5,67,35.0,MitsunobuFujiwara@armyspy.com,+1 (406) 759-6160
163,female,sarina,tabata,4646 Highland View Drive,Sacramento,CA,95814,United States,1967-04-21,201.7,63,35.7,SarinaTabata@teleworm.us,+1 (916) 555-7247
164,female,hawra',tuma,2972 Hillview Street,Winnsboro,SC,29180,United States,1992-09-29,134.2,69,19.8,HawraSultanahTuma@superrito.com,+1 (803) 712-1180
165,female,hường,lâm,4795 Better Street,Olathe,KS,66061,United States,1959-06-19,193.6,63,34.3,LamHoangHuong@rhyta.com,+1 (913) 393-8663
166,male,zlatko,rukavina,592 Rafe Lane,Yazoo City,MS,39194,United States,1976-12-12,198.7,70,28.5,ZlatkoRukavina@cuvox.de,+1 (662) 716-9586
167,male,peter,pospíšil,200 Hall Place,Longview,TX,75601,United States,1989-01-01,225.3,70,32.3,PeterPospisil@cuvox.de,+1 (903) 749-8046
168,female,melisa,mata,2775 Single Street,Bedford,MA,01730,United States,1941-12-15,209.7,65,34.9,MelisaMataSantacruz@rhyta.com,+1 (781) 604-1901
169,female,galit,casárez,513 Duck Creek Road,Palo Alto,CA,94306,United States,1956-05-12,118.8,67,18.6,GalitCasarezBrito@jourrapide.com,+1 (650) 849-6900
170,male,markus,solberg,4148 Callison Lane,Bensalem,DE,19020,United States,1953-11-21,140.6,70,20.2,MarkusSolberg@fleckens.hu,+1 (302) 474-8075
171,male,chikere,achebe,321 Briercliff Road,Brooklyn,NY,11227,United States,1939-01-12,215.4,67,33.7,ChikereAchebe@jourrapide.com,+1 (718) 628-9500
172,female,blagica,klobučar,3920 Braxton Street,La Grange,IL,60525,United States,1921-11-06,106.5,59,21.5,BlagicaKlobucar@einrot.com,+1 (815) 533-7692
173,male,alvin,jackson,3411 Pyramid Valley Road,Iowa City,IA,52240,United States,1945-12-01,177.8,71,24.8,AlvinAJackson@armyspy.com,+1 (319) 541-3295
174,female,marija,grubišić,954 Summit Park Avenue,Auburn Hills,MI,48057,United States,1985-12-28,155.1,69,22.9,MarijaGrubisic@cuvox.de,+1 (248) 944-0932
175,female,michelle,tansey,284 Mudlick Road,Spokane,WA,99218,United States,1978-02-15,147.8,61,27.9,MichelleDTansey@dayrep.com,+1 (509) 466-2907
176,female,katrine,lynge,4943 Isaacs Creek Road,Jacksonville,IL,62650,United States,1934-08-25,163.2,60,31.9,KatrineLynge@gustr.com,+1 (217) 491-5261
177,female,makda,abraham,4093 Smith Street,Lowell,MA,01852,United States,1979-06-24,145.2,65,24.2,MakdaAbraham@einrot.com,+1 (508) 857-0477
178,female,monika,lončar,377 Norman Street,Los Angeles,CA,90014,United States,1927-07-19,203.7,63,36.1,MonikaLoncar@rhyta.com,+1 (323) 327-4721
179,female,else,andersen,1386 Farland Street,Chicago,IL,60631,United States,1975-06-16,197.1,65,32.8,ElseAndersen@rhyta.com,+1 (773) 934-7423
180,male,dominik,grunewald,3574 Park Boulevard,Marshalltown,IA,50158,United States,1935-11-20,143.0,71,19.9,DominikGrunewald@cuvox.de,+1 (641) 753-5678
181,female,triana.,terrazas,1934 August Lane,Monroe,LA,71201,United States,1968-03-04,176.2,66,28.4,TrianaTerrazasMoreno@superrito.com,+1 (318) 417-5739
182,female,yumena,nakayama,4458 Stark Hollow Road,Gypsum,CO,81637,United States,1929-03-24,130.2,59,26.3,YumenaNakayama@gustr.com,+1 (970) 754-5843
183,male,kaodilinakachukwu,nnonso,3261 Desert Broom Court,Jersey City,NJ,07304,United States,1963-11-09,230.3,69,34.0,KaodilinakachukwuNnonso@gustr.com,+1 (201) 739-3931
184,male,suhaim,rahal,2270 Bel Meadow Drive,Fontana,CA,92335,United States,1944-02-08,207.7,71,29.0,SuhaimAbdelRahal@fleckens.hu,+1 (909) 355-9418
185,female,ásta,grímsdóttir,1619 Melm Street,Ormond Beach,FL,32174,United States,1999-06-09,128.9,65,21.4,AstaGrimsdottir@dayrep.com,+1 (386) 989-0019
186,male,brice,authier,1895 Hart Ridge Road,Elkton,MI,48731,United States,1939-12-16,125.1,64,21.5,BriceAuthier@superrito.com,+1 (989) 375-2216
187,female,jane,citizen,2866 Myra Street,Providence,RI,02908,United States,1974-09-27,143.0,65,23.8,JaneCitizen@cuvox.de,+1 (401) 485-6384
188,male,władysław,wieczorek,2338 Virginia Street,Chicago,IL,60605,United States,1994-01-15,133.1,67,20.8,WladyslawWieczorek@teleworm.us,+1 (773) 607-2647
189,male,søren,sørensen,2397 Bell Street,New York,NY,10011,United States,1942-12-31,157.1,67,24.6,SrenSrensen@superrito.com,+1 (212) 201-3108
190,female,kisanet,selassie,3227 Park Avenue,Sacramento,CA,95817,United States,1956-04-26,177.1,62,32.4,KisanetSelassie@gustr.com,+1 (916) 453-3601
191,male,regolo,nucci,3595 Stuart Street,Gibsonia,PA,15044,United States,1935-09-15,213.0,67,33.4,RegoloNucci@einrot.com,+1 (724) 449-6928
192,female,fanette,fournier,602 Tator Patch Road,Chicago,IL,60607,United States,1938-10-24,112.6,60,22.0,FanetteFournier@einrot.com,+1 (312) 864-5737
193,female,jade,parker,2957 Feathers Hooves Drive,Garden City,NY,11530,United States,1927-06-19,188.8,63,33.4,JadeParker@superrito.com,+1 (631) 704-6487
194,male,borna,šlezinger,3073 Bedford Street,West Haven,CT,06516,United States,1987-03-21,203.9,69,30.1,BornaSlezinger@cuvox.de,+1 (203) 933-3979
195,male,urso,aranda,1330 Lincoln Street,Hopewell  Mercer,NJ,08525,United States,1999-07-03,163.7,70,23.5,UrsoArandaSanchez@rhyta.com,+1 (609) 466-3275
196,female,lamara,dratchev,3731 Swick Hill Street,New Orleans,LA,70113,United States,1954-10-20,181.3,67,28.4,LamaraDratchev@teleworm.us,+1 (985) 253-7891
197,female,albina,zetticci,3141 Brentwood Drive,Austin,TX,78702,United States,1983-05-13,171.6,63,30.4,AlbinaZetticci@teleworm.us,+1 (512) 738-2609
198,male,thể,lương,2403 Ripple Street,Gaylord,MI,49735,United States,1967-11-15,223.1,70,32.0,LuongKhacThe@dayrep.com,+1 (989) 705-7690
199,female,eufrosina,schiavone,1984 Counts Lane,Lexington,KY,40507,United States,1926-04-06,108.5,62,19.8,EufrosinaSchiavone@cuvox.de,+1 (859) 977-9462
200,male,zdeněk,synek,3818 Strother Street,Dora,AL,35062,United States,1950-09-27,168.3,70,24.1,ZdenekSynek@jourrapide.com,+1 (205) 648-4197
201,male,kifle,mustafa,4535 Prospect Street,Pennsauken,NJ,08110,United States,1965-10-09,186.1,69,27.5,KifleMustafa@gustr.com,+1 (856) 655-5415
202,male,pirro,galvez,2831 Milford Street,Exeter,NH,03833,United States,1971-02-25,172.5,73,22.8,PirroGalvezPaz@armyspy.com,+1 (603) 773-2333
203,female,jiřina,šubrtová,4262 Heron Way,Portland,OR,97204,United States,1987-12-10,138.4,61,26.1,JirinaSubrtova@rhyta.com,+1 (503) 820-7877
204,female,mùi,lương,1778 Rodney Street,Harvester,MO,63301,United States,1956-02-29,192.7,60,37.6,LuongHongMui@einrot.com,+1 (636) 442-6946
205,male,leixandre,alanis,4103 Musgrave Street,Oklahoma City,OK,73102,United States,1938-03-25,222.6,69,32.9,LeixandreAlanisMadrigal@fleckens.hu,+1 (405) 234-5350
206,male,breno,correia,3539 Bottom Lane,Tonawanda,NY,14150,United States,1974-07-11,180.6,67,28.3,BrenoLimaCorreia@superrito.com,+1 (716) 743-5884
207,female,leah,wong,3548 Hilltop Drive,Canadian,TX,79014,United States,1934-06-11,129.8,62,23.7,LeahWong@einrot.com,+1 (806) 323-2210
208,female,beatrycze,woźniak,182 Cross Street,Saginaw,MI,48607,United States,1946-03-14,119.2,61,22.5,BeatryczeWozniak@armyspy.com,+1 (989) 936-4563
209,female,gabriele,saenger,3499 Baker Avenue,Arlington,TX,76011,United States,1973-08-26,121.2,68,18.4,GabrieleSaenger@armyspy.com,+1 (817) 909-5667
211,female,camilla,zaitseva,4689 Briarhill Lane,Wooster,OH,44691,United States,1938-11-26,107.58545599999998,63,19.1,CamillaZaitseva@superrito.com,+1 (330) 202-2145
212,female,martha,afanasyeva,3613 Lodgeville Road,Saint Paul,MN,55114,United States,1997-10-03,151.2,73,19.9,MarthaAfanasyeva@dayrep.com,+1 (612) 228-4170
213,male,jens,poulsen,1942 Harry Place,Charlotte,NC,28202,United States,1963-12-09,168.1,71,23.4,JensPoulsen@fleckens.hu,+1 (704) 805-5094
214,female,onyemaechi,onwughara,685 Duncan Avenue,New York,NY,10013,United States,1989-03-08,131.1,69,19.4,OnyemaechiOnwughara@einrot.com,+1 (917) 622-9142
215,female,gabriela,michalčíková,383 Marion Street,Hartford,VT,05047,United States,1964-10-08,126.9,65,21.1,GabrielaMichalcikova@rhyta.com,+1 (802) 952-6490
217,female,gabrielle,bidwill,3479 Elm Drive,Manhattan,NY,10016,United States,1963-10-11,170.1,67,26.6,GabrielleBidwill@teleworm.us,+1 (646) 472-4758
218,male,saidmohmad,rushisvili,4192 Holly Street,Athens,GA,30601,United States,1959-06-11,216.5,67,33.9,SaidmohmadRushisvili@teleworm.us,+1 (706) 266-4583
219,female,sabr,amari,4929 Raver Croft Drive,La Follette,TN,37766,United States,1936-11-19,122.2,64,21.0,SabrRumaithahAmari@fleckens.hu,+1 (423) 563-2014
221,male,mijael,guerra,1271 Pretty View Lane,Oakland,CA,94612,United States,1944-01-25,183.5,65,30.5,MijaelGuerraMoreno@teleworm.us,+1 (707) 896-9250
222,male,csaba,sági,4040 Linda Street,Portland,PA,97205,United States,1943-01-12,181.3,70,26.0,SagiCsaba@armyspy.com,+1 (267) 932-9852
223,female,malina,balagić,4019 Cerullo Road,Louisville,KY,40244,United States,1962-02-14,224.8,68,34.2,MalinaBalagic@einrot.com,+1 (502) 367-6167
224,female,virginia,boyles,945 Maple Avenue,Downey,ID,83234,United States,1939-09-22,202.4,63,35.8,VirginiaABoyles@gustr.com,+1 (208) 897-3897
225,female,veronika,jindrová,3641 Selah Way,Brattleboro,VT,05301,United States,1981-01-15,171.4,62,31.3,VeronikaJindrova@jourrapide.com,+1 (802) 614-0812
226,female,rachel,guzman,3210 Hickory Lane,Washington,DC,20024,United States,1974-03-20,122.3,62,22.4,RachelSGuzman@cuvox.de,+1 (202) 485-6607
227,male,kári,hervinsson,4273 Deans Lane,Fairview Park,NY,10603,United States,1963-08-05,189.4,72,25.7,KariHervinsson@einrot.com,+1 (914) 784-6646
228,female,laura,ehrlichmann,1829 Bungalow Road,Omaha,NE,68124,United States,1942-01-03,187.9,60,36.7,LauraEhrlichmann@einrot.com,+1 (402) 938-2157
229,female,cintia,csorba,2126 Pearl Street,Sacramento,CA,95826,United States,1991-07-20,186.6,62,34.1,CsorbaCintia@fleckens.hu,+1 (916) 379-7480
232,female,stefanie,herman,204 Rockwell Lane,Halifax,NC,27839,United States,1978-09-03,217.8,67,34.1,StefanieHerman@fleckens.hu,+1 (252) 583-5410
233,female,kyouko,ono,435 Pike Street,San Diego,CA,92123,United States,1940-11-19,126.9,59,25.6,KyoukoOno@superrito.com,+1 (858) 587-9945
234,female,angela,lavrentyev,4143 Big Indian,New Orleans,LA,70112,United States,1995-07-21,155.3,61,29.3,AngelaLavrentyev@gustr.com,+1 (504) 546-5321
236,female,justyna,kowalczyk,3115 May Street,Pippa Passes,KY,41844,United States,1981-04-05,112.2,61,21.2,JustynaKowalczyk@jourrapide.com,+1 (606) 368-9825
237,female,fatimah,kinfe,2640 Sweetwood Drive,Aurora,CO,80010,United States,1981-01-21,199.8,62,36.5,FatimahKinfe@fleckens.hu,+1 (303) 360-3627
239,male,aksel,vestergaard,2246 Pheasant Ridge Road,Philadelphia,PA,19139,United States,1988-05-02,187.2,78,21.6,AkselHVestergaard@armyspy.com,+1 (215) 528-2193
240,male,khalid,johnsrud,1147 Kelley Road,Gulfport,MS,39501,United States,1930-01-28,214.5,69,31.7,KhalidJohnsrud@teleworm.us,+1 (228) 378-1355
241,female,marphisa,compagnon,3391 Marcus Street,Huntsville,AL,35806,United States,1967-03-09,198.0,63,35.1,MarphisaCompagnon@cuvox.de,+1 (256) 615-5522
242,female,skye,gormanston,936 Lightning Point Drive,Arlington,TN,38002,United States,1934-01-20,139.7,60,27.3,SkyeGormanston@dayrep.com,+1 (901) 484-5225
244,male,mustafa,adonay,1742 Tea Berry Lane,Superior,WI,54880,United States,1922-01-05,211.9,67,33.2,MustafaAdonay@dayrep.com,+1 (715) 817-0134
246,female,isabelle,nash,932 Memory Lane,Rockford,IL,61101,United States,1986-02-03,206.1,62,37.7,IsabelleNash@einrot.com,+1 (815) 979-8782
247,female,meya,sjöberg,1233 Liberty Avenue,Santa Ana,CA,92704,United States,1968-05-15,232.1,66,37.5,MeyaSjoberg@cuvox.de,+1 (714) 431-2746
248,male,tuukka,leppäluoto,1886 Bicetown Road,New York,NY,10011,United States,1978-03-07,211.0,73,27.8,TuukkaLeppaluoto@teleworm.us,+1 (917) 408-8855
249,female,cecilie,nilsen,1854 Kyle Street,North Loup,NE,68859,United States,1950-01-12,181.3,64,31.1,CecilieNilsen@superrito.com,+1 (308) 496-7837
251,female,mee,chung,3084 Blue Spruce Lane,Dundalk,MD,21222,United States,1932-10-27,206.1,64,35.4,MeeChung@teleworm.us,+1 (410) 284-8935
253,male,juan,pérez,2549 Pearlman Avenue,Bedford,MA,01730,United States,1991-10-01,224.2,70,32.2,JuanPerez@teleworm.us,+1 (978) 243-8596
254,female,krisztina,magyar,3820 Terry Lane,Orlando,FL,32810,United States,1950-05-03,117.0,64,20.1,MagyarKrisztina@superrito.com,+1 (321) 287-0484
255,male,kang,mai,1109 Beechwood Drive,Pittsburgh,PA,15205,United States,1986-09-16,200.4,70,28.8,KangMai@jourrapide.com,+1 (412) 274-6756
256,female,mette,sandgreen,2324 Benson Street,Elk Lake,WI,54739,United States,1938-05-13,187.1,60,36.5,MetteSandgreen@gustr.com,+1 (715) 231-3508
257,female,veronica,bogolyubova,3945 Simons Hollow Road,Trevorton,PA,17881,United States,1981-06-16,128.9,67,20.2,VeronicaBogolyubova@teleworm.us,+1 (570) 797-6666
259,male,abel,yonatan,2621 Koontz Lane,Burbank,CA,91502,United States,1952-04-29,137.9,66,22.3,AbelYonatan@teleworm.us,+1 (818) 841-7660
260,female,sara,miles,4223 Chestnut Street,Tampa,FL,33610,United States,1982-03-27,166.5,61,31.5,SaraDMiles@gustr.com,+1 (727) 439-7150
261,female,emily,henriksen,4236 Beech Street,Antioch,CA,94509,United States,1957-07-08,206.4,66,33.3,EmilyNHenriksen@armyspy.com,+1 (925) 757-6139
262,male,jeremy,montagu,4988 Lynn Street,Boston,MA,02110,United States,1982-06-23,192.7,74,24.7,JeremyMontagu@teleworm.us,+1 (617) 297-0387
263,female,rebecca,priest,2020 Gore Street,Houston,TX,77092,United States,1988-03-26,194.0,68,29.5,RebeccaRPriest@dayrep.com,+1 (713) 556-4328
264,female,julia,carvalho,3662 Shinn Street,New York,NY,10036,United States,1931-04-11,171.8,61,32.5,JuliaAzevedoCarvalho@superrito.com,+1 (212) 782-4151
266,female,þórunn,tryggvadóttir,77 Juniper Drive,Mio,MI,48647,United States,1978-06-09,120.0,69,17.7,orunnTryggvadottir@dayrep.com,+1 (989) 826-7884
267,female,johanna,dreher,3857 Straford Park,Whitesburg,KY,41858,United States,1948-10-06,187.0,61,35.3,JohannaDreher@superrito.com,+1 (606) 632-4327
268,female,bernarda,cindrić,1753 Sherman Street,Salina,KS,67401,United States,1986-01-16,145.6,61,27.5,BernardaCindric@teleworm.us,+1 (785) 823-6728
269,female,päivi,mattila,4320 Rardin Drive,San Carlos,CA,94070,United States,1933-05-28,132.0,59,26.7,PaiviMattila@rhyta.com,+1 (650) 631-0002
271,female,jowita,wiśniewska,2168 Butternut Lane,Granite City,IL,62040,United States,1934-11-08,108.1,61,20.4,JowitaWisniewska@armyspy.com,+1 (618) 512-3319
272,male,russom,amanuel,3942 Jerome Avenue,Edinburg,TX,78539,United States,1996-02-15,142.3,70,20.4,RussomAmanuel@armyspy.com,+1 (956) 380-7249
273,female,klementyna,sokołowska,202 Ingram Street,Dayton,OH,45402,United States,1955-03-06,168.7,60,32.9,KlementynaSokolowska@superrito.com,+1 (937) 518-7238
274,female,mackenzie,mckay,4890 Devils Hill Road,State Line,MS,39362,United States,1971-03-18,214.9,66,34.7,MackenzieMcKay@superrito.com,+1 (601) 848-3093
275,female,nora,nyborg,2852 Irving Road,Westerville,OH,43081,United States,1958-02-10,202.6,68,30.8,NoraNyborg@einrot.com,+1 (740) 552-2444
276,male,eddie,archer,2043 Jadewood Drive,Lombard,IL,60148,United States,1982-07-17,158.6,69,23.4,EddieAArcher@gustr.com,+1 (224) 305-6805
277,male,alex,crawford,373 Fantages Way,Hope,ID,83836,United States,1924-07-07,223.1,70,32.0,AlexCrawford@dayrep.com,+1 (208) 264-9063
280,female,hanna-mari,filatov,2127 Columbia Mine Road,Riverton,WV,26814,United States,1967-01-05,200.8,62,36.7,Hanna-MariFilatov@fleckens.hu,+1 (304) 567-9723
281,male,david,beauvais,98 Freshour Circle,San Antonio,TX,78258,United States,1931-05-01,128.5,67,20.1,DavidLBeauvais@rhyta.com,+1 (210) 218-3477
282,male,kristján,ingason,677 Broad Street,Birmingham,AL,35203,United States,1986-12-01,214.1,69,31.6,KristjanIngason@gustr.com,+1 (205) 494-6040
284,male,nwachukwu,nebeolisa,2873 John Calvin Drive,Chicago,IL,60605,United States,1986-03-10,245.5,68,37.3,NwachukwuNebeolisa@cuvox.de,+1 (708) 845-2053
285,male,nilton,quintanilla,4038 Farland Street,Walpole,MA,02081,United States,1980-02-09,186.3,75,23.3,NiltonQuintanillaAlmonte@rhyta.com,+1 (774) 219-3140
286,male,ayden,allan,1384 Dovetail Estates,Oklahoma City,OK,73102,United States,1976-03-11,160.8,72,21.8,AydenAllan@rhyta.com,+1 (580) 991-9678
288,male,kari,laatikainen,1231 Grim Avenue,San Diego,CA,92111,United States,1976-03-21,149.6,72,20.3,KariLaatikainen@fleckens.hu,+1 (619) 818-3436
289,male,fareeq,kalb,1043 Ventura Drive,Santa Cruz,CA,95060,United States,1985-05-01,194.5,70,27.9,FareeqJawharKalb@armyspy.com,+1 (831) 427-4114
290,female,ursula,freud,3538 Paul Wayne Haggerty Road,Kenner,LA,70065,United States,1943-08-04,170.1,64,29.2,UrsulaFreud@cuvox.de,+1 (504) 441-7744
291,female,una,traustadóttir,1027 Tenmile Road,Bedford,MA,01730,United States,1930-02-01,152.3,59,30.8,UnaTraustadottir@armyspy.com,+1 (781) 739-0244
292,male,enco,žibrik,4792 Maud Street,Camden Wyoming,DE,19934,United States,1983-01-25,203.9,74,26.2,EncoZibrik@superrito.com,+1 (302) 698-2057
293,male,fraser,hunter,3072 Braxton Street,Cissna Park,IL,60924,United States,1929-07-09,143.0,64,24.5,FraserHunter@teleworm.us,+1 (815) 457-5970
294,male,jeramy,hopkins,2651 Black Oak Hollow Road,Walnut Creek,CA,94597,United States,1995-09-11,179.1,71,25.0,JeramyAHopkins@teleworm.us,+1 (408) 834-4087
295,female,annie,allen,3634 Lyon Avenue,Cambridge,MA,02142,United States,1926-03-31,159.7,60,31.2,AnnieJAllen@superrito.com,+1 (508) 921-6327
296,male,albino,schiavone,3113 Timber Ridge Road,Sacramento,CA,95814,United States,1928-06-30,180.0,67,28.2,AlbinoSchiavone@fleckens.hu,+1 (916) 817-9960
298,male,bodor,csonka,323 Platinum Drive,Crafton,PA,15205,United States,1993-07-18,157.3,67,24.6,CsonkaBodor@jourrapide.com,+1 (724) 759-0310
299,male,connor,harold,3688 Glenview Drive,Corpus Christi,TX,78476,United States,1923-09-12,182.2,69,26.9,ConnorHarold@fleckens.hu,+1 (361) 533-5161
300,female,linda,lundy,3964 Walnut Avenue,Bovill,ID,83823,United States,1969-01-29,192.5,69,28.4,LindaJLundy@gustr.com,+1 (208) 826-1678
301,female,benigna,ferrari,4912 Hart Country Lane,Columbus,GA,31901,United States,1960-01-06,181.5,61,34.3,BenignaFerrari@einrot.com,+1 (706) 616-0152
302,female,onyekachukwu,obinna,2970 Forest Avenue,New York,NY,10004,United States,1997-01-24,154.7,65,25.7,OnyekachukwuObinna@teleworm.us,+1 (646) 982-6609
303,male,niels,lange,3683 Gorby Lane,Hattiesburg,MS,39401,United States,1931-06-01,201.5,70,28.9,NielsLange@cuvox.de,+1 (601) 296-7799
304,female,joe,edwards,1526 Tully Street,Detroit,MI,48219,United States,1963-04-08,149.8,61,28.3,JoeVEdwards@armyspy.com,+1 (313) 589-1746
305,female,signý,grímsdóttir,3268 Karen Lane,Louisville,KY,40202,United States,1979-01-26,141.5,67,22.2,SignyGrimsdottir@rhyta.com,+1 (502) 902-6188
306,female,addolorata,lombardi,550 Cliffside Drive,Binghamton,NY,13901,United States,1962-10-19,189.0,65,31.4,AddolorataLombardi@jourrapide.com,+1 (607) 348-5625
307,male,mijndert,ouwendijk,4839 North Avenue,Palmyra,NE,68418,United States,1992-07-05,124.1,67,19.4,MijndertOuwendijk@jourrapide.com,+1 (402) 780-5724
308,female,mathea,lillebø,4168 Coventry Court,Gulfport,MS,39501,United States,1928-11-30,112.4,65,18.7,MatheaLilleb@fleckens.hu,+1 (228) 237-2271
309,male,daud,batukayev,153 Fieldcrest Road,Huntington,NY,11743,United States,1983-09-15,178.9,73,23.6,DaudBatukayev@teleworm.us,+1 (631) 875-3023
310,male,valur,bjarkason,1782 New Creek Road,Birmingham,AL,35203,United States,1933-12-18,130.7,68,19.9,ValurBjarkason@cuvox.de,+1 (256) 872-9211
311,male,hugo,collins,3214 Better Street,Lenexa,KS,66219,United States,1932-02-03,193.6,69,28.6,HugoCollins@cuvox.de,+1 (913) 322-9114
312,female,erica,macdonald,2011 Eastland Avenue,Philadelphia,MS,39350,United States,1937-05-04,171.4,63,30.4,EricaMacDonald@teleworm.us,+1 (601) 389-7682
313,female,holly,macleod,57 Norman Street,Los Angeles,CA,90017,United States,1935-11-16,190.7,62,34.9,HollyMacleod@jourrapide.com,+1 (323) 280-6511
314,female,mgbankwo,afamefuna,1774 George Avenue,Atmore,AL,36502,United States,1984-07-18,188.5,67,29.5,MgbankwoAfamefuna@einrot.com,+1 (251) 359-2088
315,male,renzo,lucchese,4145 Fairfax Drive,Branchburg,NJ,08876,United States,1970-02-05,212.1,69,31.3,RenzoLucchese@dayrep.com,+1 (908) 884-4247
316,male,brancaleone,russo,2074 Parrish Avenue,San Antonio,TX,78217,United States,1997-06-20,211.9,74,27.2,BrancaleoneRusso@jourrapide.com,+1 (830) 851-4280
317,female,chân,bùi,115 Frank Avenue,Amherst,MA,01002,United States,1932-10-11,162.1,61,30.6,BuiQuynhChan@fleckens.hu,+1 (413) 259-3637
318,female,nancy,parker,4605 Hall Street,Las Vegas,NV,89110,United States,1945-03-21,106.0,63,18.8,NancyJParker@gustr.com,+1 (702) 438-5138
319,male,benoît,bonami,230 Lady Bug Drive,Garden City,NY,11530,United States,1975-04-13,162.8,70,23.4,BenoitBonami@gustr.com,+1 (718) 954-8136
320,female,wilma,olofsson,2235 Catherine Drive,Fargo,ND,58102,United States,1985-11-17,154.9,69,22.9,WilmaOlofsson@teleworm.us,+1 (701) 235-3404
321,male,noriyuki,sakai,353 Whaley Lane,Milwaukee,WI,53202,United States,1934-04-29,150.3,70,21.6,NoriyukiSakai@gustr.com,+1 (262) 565-9052
322,female,dalmacia,madrid,4784 Paul Wayne Haggerty Road,New Orleans,LA,70112,United States,1960-02-02,118.4,68,18.0,DalmaciaMadridValenzuela@einrot.com,+1 (504) 403-4615
323,male,mười,liễu,4346 Sussex Court,Chilton,TX,76632,United States,1974-07-27,218.5,66,35.3,LieuThanhMuoi@teleworm.us,+1 (254) 546-2728
324,female,nancsi,polak,2913 Rogers Street,Cincinnati,OH,45236,United States,1978-12-28,143.9,61,27.2,PolakNancsi@cuvox.de,+1 (513) 478-6938
325,male,kong,lei,4508 Goldcliff Circle,Washington,DC,20009,United States,1937-08-10,165.2,72,22.4,KongLei@fleckens.hu,+1 (202) 238-2247
326,female,sara,karjalainen,720 Tator Patch Road,Chicago,IL,60601,United States,1946-08-20,172.5,63,30.6,SaraKarjalainen@armyspy.com,+1 (312) 856-6826
327,female,suoma,koivunen,2917 Golden Ridge Road,Schenectady,NY,12303,United States,1927-12-27,114.0,62,20.8,SuomaKoivunen@gustr.com,+1 (518) 379-0603
328,male,torfi,írisarson,1463 Beechwood Avenue,Belleville,NJ,07109,United States,1977-10-03,214.7,68,32.6,TorfiIrisarson@jourrapide.com,+1 (908) 871-7009
329,female,anja,hueber,3216 Lodgeville Road,Minneapolis,MN,55402,United States,1987-04-16,151.8,65,25.3,AnjaHueber@teleworm.us,+1 (612) 342-6065
330,female,csilla,herczegh,149 Marion Drive,Tampa,FL,33624,United States,1940-06-14,172.7,66,27.9,HerczeghCsilla@jourrapide.com,+1 (813) 434-8122
331,male,vasco,van de wiel,2691 Kessla Way,Pritchardville,SC,29902,United States,1981-01-03,153.8,72,20.9,VascovandeWiel@rhyta.com,+1 (843) 368-5129
332,male,leon,scholz,3106 Evergreen Lane,Irvine,CA,92618,United States,1989-09-14,150.9,70,21.6,LeonScholz@fleckens.hu,+1 (323) 635-9919
333,male,abel,efrem,2333 Hidden Pond Road,Old Hickory,TN,37138,United States,1971-02-15,224.0,67,35.1,AbelEfrem@fleckens.hu,+1 (615) 755-8235
334,male,jad allah,gaber,2704 Windy Ridge Road,Monroeville,IN,46773,United States,1926-05-14,174.2,69,25.7,JadAllahSayyarGaber@rhyta.com,+1 (260) 623-1176
335,male,eugene,mironov,1840 Millbrook Road,Bartlett,IL,60103,United States,1963-01-11,195.8,65,32.6,EugeneMironov@dayrep.com,+1 (630) 837-9473
336,female,lixue,hsueh,1540 Overlook Drive,Crawfordsville,IN,47933,United States,1925-03-29,102.7,59,20.7,LixueHsueh@dayrep.com,+1 (765) 359-0147
337,female,sharon,collins,1240 Summit Park Avenue,Pontiac,MI,48342,United States,1932-09-03,164.8,67,25.8,SharonLCollins@jourrapide.com,+1 (248) 978-1574
338,male,león,reynoso,385 Walnut Avenue,Eagle,ID,83642,United States,1931-05-16,209.4,65,34.8,LeonReynosoRendon@einrot.com,+1 (208) 830-2415
339,female,lóa,hrafnsdóttir,3417 Bassel Street,Metairie,LA,70001,United States,1925-04-30,114.1,67,17.9,LoaHrafnsdottir@jourrapide.com,+1 (985) 335-8662
340,male,pavel,filípek,3094 Oral Lake Road,Apple Valley,MN,55124,United States,1977-08-18,229.0,67,35.9,PavelFilipek@rhyta.com,+1 (952) 431-5166
341,female,minea,lindgren,2272 Williams Avenue,Palmdale,CA,93550,United States,1940-01-10,176.9,64,30.4,MineaLindgren@jourrapide.com,+1 (661) 265-8708
342,female,fatimah,khoury,883 Oakwood Circle,Fullerton,CA,93632,United States,1950-01-23,120.3,67,18.8,FatimahAqilahKhoury@superrito.com,+1 (949) 290-0728
343,female,mathilde,nørgaard,846 Copperhead Road,Hartford,CT,06182,United States,1985-01-21,127.2,61,24.0,MathildeDNrgaard@superrito.com,+1 (860) 618-4560
344,female,emy,markus,288 Colony Street,Stamford,CT,06901,United States,1999-01-30,140.6,65,23.4,EmyMarkus@armyspy.com,+1 (203) 251-3573
345,female,sophia,haugen,4178 Despard Street,Atlanta,GA,30303,United States,1939-06-04,181.1,63,32.1,SophiaHaugen@dayrep.com,+1 (404) 713-3641
346,female,asuna,morita,1324 Duffy Street,Medaryville,IN,47957,United States,1969-12-30,134.2,61,25.4,AsunaMorita@superrito.com,+1 (219) 843-3924
347,female,helen,luwam,2687 Hinkle Deegan Lake Road,Binghamton,NY,13904,United States,1946-07-06,166.3,60,32.5,HelenLuwam@dayrep.com,+1 (607) 206-1483
348,female,urška,aličajić,3781 Hamill Avenue,San Diego,CA,92109,United States,1952-06-27,183.3,63,32.5,UrskaAlicajic@rhyta.com,+1 (858) 273-2043
349,male,saber,ménard,1424 Primrose Lane,New Glarus,WI,53574,United States,1935-10-02,197.1,69,29.1,SaberMenard@rhyta.com,+1 (608) 527-1021
350,male,kristoffer,martinsen,1865 Honeysuckle Lane,Packwood,WA,98361,United States,1964-12-06,161.5,73,21.3,KristofferMartinsen@dayrep.com,+1 (360) 494-5489
351,male,diệt,bùi,3788 Worthington Drive,Rylie,TX,75235,United States,1936-04-18,119.0,65,19.8,BuiKimDiet@rhyta.com,+1 (972) 557-0198
352,female,nile,mehari,2458 Broadway Avenue,Chattanooga,TN,37403,United States,1956-02-27,197.6,65,32.9,NileMehari@gustr.com,+1 (423) 799-1730
353,male,marek,﻿dvořák,633 Better Street,Savannah,GA,31401,United States,1966-12-19,227.7,67,35.7,MarekDvorak@gustr.com,+1 (912) 988-6655
354,male,ole,petersen,3650 Graystone Lakes,Dudley,GA,31022,United States,1931-07-14,136.8,69,20.2,OlePetersen@armyspy.com,+1 (478) 676-7058
355,female,vivian,house,4932 Goldleaf Lane,Newark,NJ,07102,United States,1936-08-13,130.2,62,23.8,VivianRHouse@dayrep.com,+1 (201) 586-2848
356,female,chiho,higa,4500 Myra Street,Providence,RI,02905,United States,1935-05-25,182.6,59,36.9,ChihoHiga@teleworm.us,+1 (401) 456-2797
357,female,sinead,reilly,3893 Eva Pearl Street,Maurepas,LA,70449,United States,1923-04-05,148.3,64,25.5,SineadReilly@cuvox.de,+1 (225) 695-5230
358,female,chiemela,tobeolisa,2881 Harter Street,Bellefontaine,OH,43311,United States,1965-06-07,187.9,69,27.7,ChiemelaTobeolisa@rhyta.com,+1 (937) 592-9410
359,female,amalie,christensen,3077 Colony Street,Meriden,CT,06450,United States,1941-10-01,160.8,63,28.5,AmalieJChristensen@einrot.com,+1 (203) 235-1076
360,female,merci,leroux,4519 Sussex Court,Copperas Cove,TX,76552,United States,1955-06-08,132.2,65,22.0,MerciLeroux@jourrapide.com,+1 (254) 518-6365
361,male,kerman,dandonneau,3688 Adonais Way,Atlanta,GA,30303,United States,1998-04-09,165.9,71,23.1,KermanDandonneau@superrito.com,+1 (678) 412-3728
362,male,hans peter,radislav,208 Birch  Street,El Paso,TX,79905,United States,1973-10-28,169.0,70,24.2,HansPeterRadislav@gustr.com,+1 (915) 612-1462
363,male,luboš,pecha,1510 Allison Avenue,Norfolk,VA,23510,United States,1936-01-24,132.2,69,19.5,LubosPecha@rhyta.com,+1 (757) 624-1525
364,female,elisabetta,lorenzo,1014 Locust Court,Los Angeles,CA,90017,United States,1927-07-16,124.7,61,23.6,ElisabettaLorenzo@gustr.com,+1 (562) 452-5685
365,female,chukwumoge,ogochukwu,4704 Edsel Road,Sherman Oaks,CA,91403,United States,1960-09-16,212.3,75,26.5,ChukwumogeOgochukwu@teleworm.us,+1 (818) 372-7106
366,male,robert,wagner,162 Brooklyn Street,Salem,VA,24153,United States,1925-06-20,200.0,67,31.3,RobertWagner@jourrapide.com,+1 (540) 986-1369
367,male,erick,pinto,2884 Elsie Drive,Aberdeen,SD,57401,United States,1945-09-24,183.5,68,27.9,ErickSouzaPinto@cuvox.de,+1 (605) 250-4942
368,female,ava,fisher,4386 Camden Street,Sparks,NV,89431,United States,1928-03-29,191.0,60,37.3,AvaFisher@rhyta.com,+1 (775) 358-9076
369,male,corey,nicholls,3427 Gerald L. Bates Drive,Boston,MA,02110,United States,1989-04-25,165.0,74,21.2,CoreyNicholls@jourrapide.com,+1 (617) 830-7216
370,female,farizah,sleiman,2322 Grim Avenue,San Diego,CA,92101,United States,1943-08-19,190.5,62,34.8,FarizahAminehSleiman@teleworm.us,+1 (619) 652-0285
371,male,olof,holm,288 Smith Street,Taunton,MA,02780,United States,1999-04-07,214.1,70,30.7,OlofHolm@gustr.com,+1 (508) 821-2421
372,female,asya,musliyevich,1763 Williams Mine Road,Weehawken,NJ,07087,United States,1995-07-15,156.0,63,27.6,AsyaMusliyevich@armyspy.com,+1 (908) 287-7099
373,male,miłosław,wiśniewski,796 Eagle Street,Collinsville,IL,62234,United States,1979-11-13,149.2,68,22.7,MiloslawWisniewski@rhyta.com,+1 (618) 346-3914
374,female,johana,hrdá,541 Green Hill Road,Springdale,AR,72762,United States,1952-08-04,216.9,66,35.0,JohanaHrda@dayrep.com,+1 (479) 248-5663
375,male,ingi,þráinsson,707 Goodwin Avenue,Colfax,WA,99111,United States,1986-02-05,210.8,69,31.1,Ingirainsson@dayrep.com,+1 (509) 397-8510
376,female,sofia,hermansen,2272 Woodland Avenue,Houma,LA,70360,United States,1957-02-27,186.8,65,31.1,SofiaBHermansen@rhyta.com,+1 (985) 580-4827
377,female,ivona,jakšić,1051 Bassell Avenue,Wichita,AR,67202,United States,1935-09-05,200.8,62,36.7,IvonaJaksic@einrot.com,+1 (501) 636-4058
378,female,cumelén,miramontes,4213 Isaacs Creek Road,Tolono,IL,61880,United States,1936-01-30,130.0,66,21.0,CumelenMiramontesAcosta@gustr.com,+1 (217) 485-5673
379,female,furuta,osman,3300 Woodridge Lane,Memphis,TN,38115,United States,1933-11-28,138.8,63,24.6,FurutaOsman@rhyta.com,+1 (901) 316-3780
380,female,rovzan,kishiev,4220 Simpson Square,Sulphur,OK,73086,United States,1982-07-13,136.0,63,24.1,RovzanKishiev@armyspy.com,+1 (580) 622-5674
381,female,silje,kristiansen,4992 Moonlight Drive,Pleasantville,NJ,08232,United States,1996-02-07,162.4,64,27.9,SiljeAKristiansen@dayrep.com,+1 (609) 641-2070
382,male,ronnie,clapp,1624 Rosebud Avenue,Wheatley,AR,72392,United States,1924-09-24,138.4,67,21.7,RonnieKClapp@gustr.com,+1 (870) 457-5086
383,male,diðrik,maríasson,4015 Juniper Drive,Mount Pleasant,MI,48858,United States,1949-03-25,149.6,71,20.9,DirikMariasson@jourrapide.com,+1 (989) 822-1351
384,male,torben,mortensen,4682 Science Center Drive,Monteview,ID,83435,United States,1943-07-24,168.7,69,24.9,TorbenMMortensen@einrot.com,+1 (208) 657-2473
385,male,even,knutsen,4851 Andy Street,Custer,SD,57730,United States,1972-10-26,180.2,74,23.1,EvenKnutsen@rhyta.com,+1 (605) 440-5492
386,female,rice,yudina,4649 Worley Avenue,Nellysford,VA,22958,United States,1986-02-14,221.8,68,33.7,RiceYudina@dayrep.com,+1 (434) 361-8479
387,male,sargent,flamand,163 Hide A Way Road,San Jose,CA,95134,United States,1965-05-10,207.7,65,34.6,SargentFlamand@dayrep.com,+1 (408) 215-6012
388,female,vallie,prince,550 Mulberry Lane,Fort Lauderdale,FL,33301,United States,1998-01-16,152.7,67,23.9,VallieSPrince@cuvox.de,+1 (561) 826-5683
389,male,szilveszter,totth,2785 Norma Lane,Shreveport,LA,71109,United States,1990-08-14,145.2,71,20.2,TotthSzilveszter@jourrapide.com,+1 (318) 621-7385
390,male,yegor,uspensky,4900 Philli Lane,Tulsa,OK,74133,United States,1956-09-10,136.8,65,22.8,YegorUspensky@fleckens.hu,+1 (918) 459-9811
391,male,hideki,haraguchi,3995 Colonial Drive,La Grange,TX,78945,United States,1997-02-13,181.3,67,28.4,HidekiHaraguchi@einrot.com,+1 (979) 639-7844
392,male,daimy,tromp,522 Lamberts Branch Road,Sunrise,FL,33323,United States,1990-05-23,198.0,75,24.7,DaimyTromp@superrito.com,+1 (786) 970-4206
393,female,kristin,borgen,3008 Walkers Ridge Way,Lemont,IL,60439,United States,1971-12-12,206.1,67,32.3,KristinBorgen@gustr.com,+1 (630) 252-5095
394,male,steven,roy,2816 Ashford Drive,Reston,VA,22070,United States,1975-09-19,162.4,72,22.0,StevenBRoy@rhyta.com,+1 (703) 716-8652
395,female,anja,mueller,570 Alpha Avenue,Tyler,TX,75757,United States,1942-08-06,182.2,61,34.4,AnjaMueller@gustr.com,+1 (903) 939-1025
396,male,krisztián,bakos,2316 Ingram Road,Yadkinville,NC,27055,United States,1975-03-28,231.9,74,29.8,BakosKrisztian@teleworm.us,+1 (336) 677-8769
397,male,tibor,gyenes,3800 Tetrick Road,Sebring,FL,33870,United States,1932-07-22,186.6,68,28.4,GyenesTibor@jourrapide.com,+1 (863) 386-3795
398,female,pipaluk,petrussen,3543 Cherry Ridge Drive,Scottsville,NY,14546,United States,1976-10-26,123.4,69,18.2,PipalukPetrussen@rhyta.com,+1 (585) 889-5156
399,male,ilija,horvat,4380 Riverside Drive,Cave Spring,GA,30124,United States,1941-01-21,193.8,72,26.3,IlijaHorvat@dayrep.com,+1 (706) 777-4981
400,male,eric,ek,4160 Pratt Avenue,Seattle,WA,98109,United States,1943-04-07,212.1,71,29.6,EricEk@jourrapide.com,+1 (360) 965-1558
401,female,sonya,woldendorp,4438 Reeves Street,Plymouth,WI,53073,United States,1926-06-25,158.2,59,31.9,SonyaWoldendorp@cuvox.de,+1 (920) 892-2965
402,female,kasumi,hori,1116 Dog Hill Lane,Lawrence,KS,66044,United States,1959-03-30,180.6,62,33.0,KasumiHori@gustr.com,+1 (785) 748-8181
403,female,manouck,wubbels,4789 Devils Hill Road,Utica,MS,39175,United States,1964-11-03,201.5,65,33.5,ManouckWubbels@armyspy.com,+1 (601) 885-6550
404,male,robert,maslov,2356 Myra Street,Providence,RI,02908,United States,1932-07-02,219.1,65,36.5,RobertMaslov@fleckens.hu,+1 (401) 535-2675
405,female,aaliyah,rice,4237 Hamilton Drive,Texas City,TX,77591,United States,1936-07-14,123.0,65,20.5,AaliyahRice@dayrep.com,+1 (409) 944-6516
406,male,marcel,peters,4476 Center Street,Albany,OR,97321,United States,1926-02-10,183.5,69,27.1,MarcelPeters@rhyta.com,+1 (541) 967-9779
407,male,dániel,német,4278 Hart Country Lane,Dalton,GA,30720,United States,1994-11-21,175.6,73,23.2,NemetDaniel@cuvox.de,+1 (706) 581-5226
408,female,tegan,johnson,2636 Benson Park Drive,Oklahoma City,OK,73107,United States,1928-01-19,156.6,65,26.1,TeganJohnson@gustr.com,+1 (405) 470-5088
409,female,giovana,rocha,3542 Robinson Court,Grayling,MI,49738,United States,1938-05-02,113.1,67,17.7,GiovanaAzevedoRocha@superrito.com,+1 (989) 390-0285
410,female,albika,ibragimov,4945 Jarvis Street,Buffalo,NY,14211,United States,1948-02-29,161.7,63,28.6,AlbikaIbragimov@superrito.com,+1 (716) 897-5050
411,male,nathan,cumpston,1203 Benson Park Drive,Wayne,OK,73095,United States,1965-10-06,178.0,67,27.9,NathanCumpston@rhyta.com,+1 (405) 449-7960
412,female,štefanija,novosel,1810 Hardesty Street,Albany,NY,12207,United States,1945-11-29,154.9,61,29.3,StefanijaNovosel@teleworm.us,+1 (518) 487-4865
413,male,finlay,sheppard,4571 Walnut Hill Drive,Portland,OH,45204,United States,1948-06-16,161.3,70,23.1,FinlaySheppard@fleckens.hu,+1 (513) 297-6359
414,male,kai,cunha,2967 Prudence Street,Detroit,MI,48221,United States,1990-02-01,163.5,74,21.0,KaiOliveiraCunha@cuvox.de,+1 (313) 341-7799
415,male,bartosz,wysocki,1079 Ingram Street,Versailles,OH,45380,United States,1951-04-02,148.7,66,24.0,BartoszWysocki@cuvox.de,+1 (937) 526-1152
416,female,mgbeke,ekwueme,1589 Roosevelt Wilson Lane,Diamond Bar,CA,91765,United States,1954-03-14,206.8,65,34.4,MgbekeEkwueme@cuvox.de,+1 (909) 861-4356
417,male,dani,antoun,2595 Feathers Hooves Drive,Westbury,NY,11590,United States,1928-05-07,138.6,70,19.9,DaniMuhsinAntoun@armyspy.com,+1 (631) 664-4813
418,female,xiuxiu,yuan,4277 Mutton Town Road,Redmond,WA,98052,United States,1943-03-08,150.0,66,24.2,XiuxiuYuan@superrito.com,+1 (360) 689-4989
419,male,mahmud,kadyrov,3390 Hidden Meadow Drive,Stanton,ND,58571,United States,1980-06-18,215.2,79,24.2,MahmudKadyrov@gustr.com,+1 (701) 745-2700
420,female,maret,sultygov,2127 Elk City Road,Indianapolis,IN,46268,United States,1969-10-20,126.1,63,22.3,MaretSultygov@teleworm.us,+1 (317) 956-6166
421,male,adlan,shishani,4890 Abia Martin Drive,Manhattan,NY,10018,United States,1940-05-23,200.9,69,29.7,AdlanShishani@gustr.com,+1 (631) 479-8171
422,female,armina,sauvé,4977 Arlington Avenue,Little Rock,AR,72210,United States,1928-10-08,165.0,61,31.2,ArminaSauve@dayrep.com,+1 (870) 270-5502
423,female,jázmin,györfy,1049 Park Boulevard,Haverhill,IA,50120,United States,1958-09-21,129.4,64,22.2,GyorfyJazmin@jourrapide.com,+1 (641) 475-9654
424,female,simone,baumgaertner,510 Berry Street,Colorado Springs,CO,80904,United States,1931-05-14,125.2,59,25.3,SimoneBaumgaertner@teleworm.us,+1 (719) 661-6624
425,female,krystiana,kozłowska,2935 Diamond Cove,Providence,RI,02906,United States,1921-11-08,123.6,63,21.9,KrystianaKozlowska@cuvox.de,+1 (401) 419-2975
426,female,taylah,mobourne,995 Beechwood Avenue,Weehawken,NJ,07087,United States,1961-07-04,188.5,67,29.5,TaylahMobourne@rhyta.com,+1 (908) 751-4255
427,male,rogelio,taylor,4064 Marigold Lane,Miami,FL,33179,United States,1992-09-02,186.6,69,27.6,RogelioJTaylor@teleworm.us,+1 (305) 434-6299
428,female,tecla,onio,3730 Seth Street,Abilene,TX,79601,United States,1990-12-16,174.7,61,33.0,TeclaOnio@jourrapide.com,+1 (325) 513-8964
429,male,marko,kos,1128 Jacobs Street,Pittsburgh,PA,15212,United States,1982-10-21,227.7,69,33.6,MarkoKos@einrot.com,+1 (412) 319-0903
430,female,kristiina,hyypiä,206 Eagle Lane,Grand Forks,MN,58203,United States,1922-05-02,152.1,65,25.3,KristiinaHyypia@cuvox.de,+1 (218) 773-9682
431,male,timothy,cotton,4243 Hidden Meadow Drive,Devils Lake,ND,58301,United States,1995-12-12,135.7,68,20.6,TimothyJCotton@dayrep.com,+1 (701) 662-1983
432,female,manuela,cindrić,4120 Thompson Drive,Dublin,CA,94568,United States,1942-12-01,219.9,64,37.7,ManuelaCindric@gustr.com,+1 (510) 376-3772
433,female,karen,jakobsen,1690 Fannie Street,Houston,TX,77020,United States,1962-11-25,185.2,67,29.0,KarenJakobsen@jourrapide.com,+1 (979) 203-0438
434,male,leo,vieira,4894 Chandler Hollow Road,Pittsburgh,PA,15215,United States,1975-03-09,154.4,71,21.5,LeoDVieira@cuvox.de,+1 (412) 449-0733
435,female,bao,she,1956 Rosemont Avenue,Anaheim,CA,92801,United States,1931-01-29,193.8,63,34.3,BaoShe@rhyta.com,+1 (323) 209-0527
436,female,ivana,kašná,3343 Jefferson Street,Newport News,VA,23601,United States,1995-08-15,173.8,67,27.2,IvanaKasna@teleworm.us,+1 (757) 736-7026
437,male,sun,ko,1962 Cabell Avenue,Washington,VA,20008,United States,1969-07-08,154.4,72,20.9,SunKo@einrot.com,+1 (703) 547-0551
438,male,alwin,svensson,1846 Joseph Street,Union Grove,WI,53182,United States,1924-11-02,137.7,63,24.4,AlwinSvensson@armyspy.com,+1 (262) 878-9576
439,female,hannah,mcintosh,260 Derek Drive,New Philadelphia,OH,44663,United States,1946-09-13,112.0,67,17.5,HannahMcIntosh@superrito.com,+1 (330) 365-4059
440,male,hiromu,horikawa,4567 Hazelwood Avenue,Des Moines,IA,50309,United States,1981-07-07,242.0,70,34.7,HiromuHorikawa@superrito.com,+1 (515) 362-6574
441,male,david,villadsen,1434 Oak Ridge Drive,St Elizabeth,MO,65559,United States,1924-11-30,137.3,68,20.9,DavidMVilladsen@armyspy.com,+1 (573) 493-4748
442,male,luis,silva,959 Heritage Road,San Joaquin,CA,93660,United States,1946-11-02,239.1,71,33.3,LuisRibeiroSilva@jourrapide.com,+1 (559) 693-6779
443,male,ananías,enríquez,2924 Stanley Avenue,Garden City,NY,11530,United States,1959-07-23,169.0,72,22.9,AnaniasEnriquezMontoya@armyspy.com,+1 (516) 512-4875
444,female,kajsa,eidem,1953 Rhapsody Street,Ocala,FL,34471,United States,1964-04-26,191.0,60,37.3,KajsaEidem@superrito.com,+1 (352) 362-5392
445,male,angelico,marchesi,456 Delaware Avenue,San Francisco,CA,94108,United States,1945-10-28,211.6,69,31.2,AngelicoMarchesi@fleckens.hu,+1 (415) 277-2563
446,male,maximus,henzen,4334 Black Oak Hollow Road,San Jose,CA,95113,United States,1924-11-14,180.8,72,24.5,MaximusHenzen@einrot.com,+1 (408) 792-9489
447,male,eemil,laine,2531 Eastland Avenue,Mclain,MS,39456,United States,1929-03-22,167.2,72,22.7,EemilLaine@einrot.com,+1 (601) 418-0102
448,male,luiz,gomes,1812 Poplar Street,Chicago,IL,60631,United States,1978-04-23,160.4,70,23.0,LuizCavalcantiGomes@rhyta.com,+1 (708) 691-2195
449,male,ivan,fomin,632 Peaceful Lane,Garfield Heights,OH,44128,United States,1930-06-10,139.9,65,23.3,IvanFomin@dayrep.com,+1 (216) 502-3773
450,male,bjørnar,nilsen,2166 Tipple Road,Philadelphia,PA,19121,United States,1960-04-26,152.5,68,23.2,BjrnarNilsen@einrot.com,+1 (215) 769-7116
451,male,clinton,miller,901 Southern Street,Roslyn,NY,11576,United States,1985-08-16,195.4,74,25.1,ClintonKMiller@rhyta.com,+1 (516) 626-8021
452,female,jia li,teng,1251 Clarence Court,Upland,CA,91786,United States,1928-12-07,202.2,66,32.6,JiaLiTeng@fleckens.hu,+1 (909) 982-4264
453,female,fearne,mcgregor,1168 Stout Street,Harrisburg,PA,17111,United States,1936-06-30,142.1,65,23.6,FearneMcGregor@superrito.com,+1 (717) 368-8321
454,male,wu,sung,1072 Bird Spring Lane,Houston,TX,77077,United States,1993-10-31,181.3,74,23.3,WuSung@gustr.com,+1 (281) 556-4376
455,female,bianca,azevedo,2886 Straford Park,Cumberland,KY,40823,United States,1950-12-03,132.7,59,26.8,BiancaCarvalhoAzevedo@einrot.com,+1 (606) 589-2819
456,female,hui,ch'eng,3423 Burning Memory Lane,Yardley,PA,19067,United States,1982-05-03,203.1,69,30.0,HuiCheng@rhyta.com,+1 (215) 321-9611
457,male,zikoranaudodimma,chinedum,3402 Kildeer Drive,Newport News,VA,23602,United States,1935-12-25,150.5,67,23.6,ZikoranaudodimmaChinedum@cuvox.de,+1 (757) 269-6500
458,female,mevla,grabljevec,2645 Moore Avenue,Fort Worth,TX,76102,United States,1984-12-02,215.8,66,34.8,MevlaGrabljevec@teleworm.us,+1 (817) 777-5289
459,male,sousuke,nakahara,3743 Wescam Court,Reno,NV,89501,United States,1929-04-25,134.2,70,19.3,SousukeNakahara@jourrapide.com,+1 (775) 848-6970
460,female,idalia,moore,4380 Grim Avenue,San Diego,CA,92073,United States,1993-10-26,102.1,61,19.3,IdaliaEMoore@cuvox.de,+1 (619) 710-6286
461,male,arne,jørgensen,1033 Wayside Lane,Oakland,CA,94612,United States,1998-03-14,163.5,65,27.2,ArneJrgensen@fleckens.hu,+1 (510) 238-1151
462,male,cannan,cabrera,2102 Geraldine Lane,New York,NY,10014,United States,1980-10-12,209.7,71,29.2,CannanCabreraOrdonez@superrito.com,+1 (646) 289-4177
463,male,guðni,heimisson,430 Canis Heights Drive,Los Angeles,CA,90007,United States,1983-11-28,154.9,71,21.6,GuniHeimisson@superrito.com,+1 (213) 749-6958
464,female,bouke,glaser,3006 Maple Court,Owensville,MO,65066,United States,1996-10-21,142.1,66,22.9,BoukeGlaser@einrot.com,+1 (573) 437-7334
465,female,meaza,brhane,142 Broad Street,Springville,AL,35146,United States,1991-06-22,161.3,69,23.8,MeazaBrhane@superrito.com,+1 (205) 467-9279
466,male,gabryŝ,tomaszewski,1343 Clair Street,Hillsboro,TX,76645,United States,1998-09-16,160.8,67,25.2,GabrysTomaszewski@armyspy.com,+1 (254) 582-1795
467,female,andrea,brodahl,3234 Sardis Station,Golden Valley,MN,55422,United States,1994-09-07,166.1,62,30.4,AndreaBrodahl@armyspy.com,+1 (612) 589-1495
468,female,jožka,resanovič,1557 Byers Lane,Redding,CA,96001,United States,1959-10-05,122.1,63,21.6,JozkaResanovic@superrito.com,+1 (530) 773-9263
469,male,tosh,jensen,1536 John Daniel Drive,Argyle,MO,65001,United States,1969-12-19,194.7,68,29.6,ToshCJensen@superrito.com,+1 (573) 728-3861
470,male,harley,tucker,1067 Ray Court,Wilmington,NC,28412,United States,1965-09-21,220.4,66,35.6,HarleyTucker@fleckens.hu,+1 (910) 264-6229
471,male,muhammad,holden,3414 Franklin Avenue,Live Oak,FL,32064,United States,1969-09-08,159.5,66,25.7,MuhammadHolden@fleckens.hu,+1 (386) 234-5932
472,female,nadwah,naifeh,69 Mattson Street,Portland,OR,97205,United States,1957-03-12,192.7,66,31.1,NadwahHawadahNaifeh@einrot.com,+1 (503) 417-1995
473,female,julia,werner,325 Eastland Avenue,Natchez,MS,39120,United States,1938-09-14,155.3,61,29.3,JuliaWerner@teleworm.us,+1 (601) 446-6829
474,female,kate,wilkinson,664 Lyon Avenue,South Boston,MA,02127,United States,1998-07-18,175.3,65,29.2,KateWilkinson@armyspy.com,+1 (508) 905-2371
475,female,esperanza,labrosse,1370 Flint Street,Atlanta,GA,30303,United States,1961-10-07,181.5,63,32.1,EsperanzaLabrosse@armyspy.com,+1 (678) 263-3564
476,male,malik,vaneker,1270 Haul Road,Mountain View,CA,94041,United States,1953-09-25,214.4,67,33.6,MalikVaneker@superrito.com,+1 (650) 962-7179
477,female,berta,napolitani,1815 Garrett Street,Philadelphia,PA,19108,United States,1958-12-02,153.3,63,27.2,BertaNapolitani@rhyta.com,+1 (267) 972-3749
478,male,juliusz,majewski,4435 Poe Road,Florence,SC,29501,United States,1966-09-29,212.1,69,31.3,JuliuszMajewski@superrito.com,+1 (843) 212-6421
479,female,edelma,villalpando,312 Jim Rosa Lane,San Jose,CA,95134,United States,1977-06-24,109.6,63,19.4,EdelmaVillalpandoSantillan@teleworm.us,+1 (415) 755-6435
480,male,tapa,arsanukayev,4720 Gordon Street,Ontario,CA,91762,United States,1955-09-15,220.0,65,36.6,TapaArsanukayev@dayrep.com,+1 (909) 458-2515
481,male,nasser,mansour,547 Weekley Street,San Antonio,TX,78212,United States,1938-03-25,183.5,66,29.6,NasserMazinMansour@fleckens.hu,+1 (210) 326-5509
482,male,michael,kristensen,1614 Heather Sees Way,Tulsa,OK,74116,United States,1930-08-10,154.7,65,25.7,MichaelKristensen@gustr.com,+1 (918) 706-2776
483,male,diogo,souza,4033 White Avenue,Corpus Christi,TX,78401,United States,1945-03-03,220.0,65,36.6,DiogoBarrosSouza@jourrapide.com,+1 (361) 693-4960
484,female,angel,grant,990 Melville Street,Memphis,TN,38118,United States,1987-08-14,123.9,61,23.4,AngelGrant@fleckens.hu,+1 (731) 577-0292
485,male,placido,udinesi,1094 Jones Avenue,Greensboro,NC,28716,United States,1934-05-31,175.8,65,29.3,PlacidoUdinesi@dayrep.com,+1 (336) 697-2005
486,male,trifon,izmailov,3697 Drainer Avenue,Fort Walton Beach,FL,32548,United States,1973-02-15,255.9,74,32.9,TrifonIzmailov@fleckens.hu,+1 (850) 659-0417
487,male,samuel,blix,3488 Clair Street,Waco,TX,76706,United States,1983-07-06,211.4,74,27.1,SamuelBlix@dayrep.com,+1 (254) 681-4504
488,male,ivar,löfgren,1346 Nicholas Street,Ottawa,KS,66067,United States,1962-11-07,242.4,77,28.7,IvarLofgren@armyspy.com,+1 (785) 229-1188
489,male,mika,martinsson,962 George Street,Ocala,FL,34471,United States,1970-01-27,165.0,67,25.8,MikaMartinsson@armyspy.com,+1 (352) 453-4601
490,female,jasmine,sykes,2607 Water Street,Lafayette,CA,94549,United States,1988-12-01,187.2,63,33.2,JasmineSykes@jourrapide.com,+1 (925) 283-5425
491,male,jackson,addison,1160 Taylor Street,New Rochelle,NY,10801,United States,1953-05-29,192.7,69,28.5,JacksonAddison@armyspy.com,+1 (914) 636-9304
492,female,vanessa,ferguson,241 Freshour Circle,San Antonio,TX,78205,United States,1950-09-21,149.8,67,23.5,VanessaFerguson@jourrapide.com,+1 (210) 222-8684
493,male,poldi,tar,3958 Liberty Avenue,Burbank,CA,91505,United States,1970-05-23,184.6,70,26.5,TarPoldi@superrito.com,+1 (714) 496-2264
494,female,fen,chin,1826 Poplar Chase Lane,Boise,ID,83702,United States,1997-03-18,195.1,68,29.7,FenChin@gustr.com,+1 (208) 388-1065
495,female,sirkka,piirainen,4102 Ritter Avenue,Roseville,MI,48066,United States,1942-01-16,126.3,67,19.8,SirkkaPiirainen@teleworm.us,+1 (586) 790-0975
496,male,hajime,tsukada,4111 Thunder Road,San Mateo,CA,94403,United States,1972-09-05,168.1,66,27.1,HajimeTsukada@dayrep.com,+1 (650) 570-4896
497,male,alexander,hueber,3868 Freed Drive,Stockton,CA,95204,United States,1942-09-12,194.0,72,26.3,AlexanderHueber@jourrapide.com,+1 (209) 762-2320
498,male,masataka,murakami,1179 Patton Lane,Tulsa,OK,74116,United States,1937-08-19,155.1,72,21.0,MasatakaMurakami@einrot.com,+1 (918) 984-9171
499,male,mustafa,lindström,2530 Victoria Court,Milton Mills,ME,03852,United States,1959-04-10,181.1,72,24.6,MustafaLindstrom@jourrapide.com,+1 (207) 477-0579
500,male,ruman,bisliev,494 Clarksburg Park Road,Sedona,AZ,86341,United States,1948-03-26,239.6,70,34.4,RumanBisliev@gustr.com,+1 (928) 284-4492
501,female,jinke,de keizer,649 Nutter Street,Overland Park,MO,64110,United States,1971-01-13,171.2,67,26.8,JinkedeKeizer@teleworm.us,+1 (816) 223-6007
502,female,chidalu,onyekaozulu,3652 Boone Crockett Lane,Seattle,WA,98109,United States,1952-02-13,176.9,67,27.7,ChidaluOnyekaozulu@jourrapide.com,+1 (360) 443-2060
